ds,y,sku
2024-04-04,128,SKU-001
2024-04-05,151,SKU-001
2024-04-06,132,SKU-001
2024-04-07,146,SKU-001
2024-04-08,153,SKU-001
2024-04-09,142,SKU-001
2024-04-10,130,SKU-001
2024-04-11,145,SKU-001
2024-04-12,162,SKU-001
2024-04-13,116,SKU-001
2024-04-14,144,SKU-001
2024-04-15,129,SKU-001
2024-04-16,147,SKU-001
2024-04-17,139,SKU-001
2024-04-18,143,SKU-001
2024-04-19,161,SKU-001
2024-04-20,135,SKU-001
2024-04-21,147,SKU-001
2024-04-22,121,SKU-001
2024-04-23,146,SKU-001
2024-04-24,138,SKU-001
2024-04-25,123,SKU-001
2024-04-26,146,SKU-001
2024-04-27,132,SKU-001
2024-04-28,131,SKU-001
2024-04-29,121,SKU-001
2024-04-30,132,SKU-001
2024-05-01,146,SKU-001
2024-05-02,148,SKU-001
2024-05-03,153,SKU-001
2024-05-04,161,SKU-001
2024-05-05,131,SKU-001
2024-05-06,139,SKU-001
2024-05-07,148,SKU-001
2024-05-08,138,SKU-001
2024-05-09,144,SKU-001
2024-05-10,112,SKU-001
2024-05-11,133,SKU-001
2024-05-12,147,SKU-001
2024-05-13,145,SKU-001
2024-05-14,149,SKU-001
2024-05-15,155,SKU-001
2024-05-16,137,SKU-001
2024-05-17,131,SKU-001
2024-05-18,141,SKU-001
2024-05-19,139,SKU-001
2024-05-20,144,SKU-001
2024-05-21,119,SKU-001
2024-05-22,131,SKU-001
2024-05-23,124,SKU-001
2024-05-24,131,SKU-001
2024-05-25,134,SKU-001
2024-05-26,142,SKU-001
2024-05-27,131,SKU-001
2024-05-28,112,SKU-001
2024-05-29,135,SKU-001
2024-05-30,130,SKU-001
2024-05-31,113,SKU-001
2024-06-01,115,SKU-001
2024-06-02,115,SKU-001
2024-06-03,116,SKU-001
2024-06-04,114,SKU-001
2024-06-05,110,SKU-001
2024-06-06,122,SKU-001
2024-06-07,119,SKU-001
2024-06-08,123,SKU-001
2024-06-09,136,SKU-001
2024-06-10,122,SKU-001
2024-06-11,116,SKU-001
2024-06-12,127,SKU-001
2024-06-13,107,SKU-001
2024-06-14,126,SKU-001
2024-06-15,107,SKU-001
2024-06-16,127,SKU-001
2024-06-17,82,SKU-001
2024-06-18,108,SKU-001
2024-06-19,108,SKU-001
2024-06-20,99,SKU-001
2024-06-21,105,SKU-001
2024-06-22,112,SKU-001
2024-06-23,123,SKU-001
2024-06-24,127,SKU-001
2024-06-25,100,SKU-001
2024-06-26,120,SKU-001
2024-06-27,100,SKU-001
2024-06-28,111,SKU-001
2024-06-29,106,SKU-001
2024-06-30,130,SKU-001
2024-07-01,99,SKU-001
2024-07-02,104,SKU-001
2024-07-03,110,SKU-001
2024-07-04,104,SKU-001
2024-07-05,102,SKU-001
2024-07-06,101,SKU-001
2024-07-07,105,SKU-001
2024-07-08,107,SKU-001
2024-07-09,111,SKU-001
2024-07-10,92,SKU-001
2024-07-11,100,SKU-001
2024-07-12,91,SKU-001
2024-07-13,103,SKU-001
2024-07-14,84,SKU-001
2024-07-15,112,SKU-001
2024-07-16,102,SKU-001
2024-07-17,117,SKU-001
2024-07-18,112,SKU-001
2024-07-19,105,SKU-001
2024-07-20,66,SKU-001
2024-07-21,111,SKU-001
2024-07-22,103,SKU-001
2024-07-23,102,SKU-001
2024-07-24,95,SKU-001
2024-07-25,84,SKU-001
2024-07-26,98,SKU-001
2024-07-27,98,SKU-001
2024-07-28,100,SKU-001
2024-07-29,112,SKU-001
2024-07-30,79,SKU-001
2024-07-31,103,SKU-001
2024-08-01,91,SKU-001
2024-08-02,85,SKU-001
2024-08-03,99,SKU-001
2024-08-04,86,SKU-001
2024-08-05,94,SKU-001
2024-08-06,72,SKU-001
2024-08-07,87,SKU-001
2024-08-08,84,SKU-001
2024-08-09,84,SKU-001
2024-08-10,85,SKU-001
2024-08-11,99,SKU-001
2024-08-12,99,SKU-001
2024-08-13,88,SKU-001
2024-08-14,76,SKU-001
2024-08-15,79,SKU-001
2024-08-16,97,SKU-001
2024-08-17,84,SKU-001
2024-08-18,85,SKU-001
2024-08-19,88,SKU-001
2024-08-20,84,SKU-001
2024-08-21,76,SKU-001
2024-08-22,98,SKU-001
2024-08-23,95,SKU-001
2024-08-24,97,SKU-001
2024-08-25,90,SKU-001
2024-08-26,81,SKU-001
2024-08-27,79,SKU-001
2024-08-28,96,SKU-001
2024-08-29,75,SKU-001
2024-08-30,72,SKU-001
2024-08-31,73,SKU-001
2024-09-01,88,SKU-001
2024-09-02,78,SKU-001
2024-09-03,83,SKU-001
2024-09-04,81,SKU-001
2024-09-05,79,SKU-001
2024-09-06,80,SKU-001
2024-09-07,79,SKU-001
2024-09-08,71,SKU-001
2024-09-09,77,SKU-001
2024-09-10,68,SKU-001
2024-09-11,73,SKU-001
2024-09-12,85,SKU-001
2024-09-13,93,SKU-001
2024-09-14,81,SKU-001
2024-09-15,86,SKU-001
2024-09-16,87,SKU-001
2024-09-17,100,SKU-001
2024-09-18,98,SKU-001
2024-09-19,61,SKU-001
2024-09-20,82,SKU-001
2024-09-21,89,SKU-001
2024-09-22,72,SKU-001
2024-09-23,89,SKU-001
2024-09-24,65,SKU-001
2024-09-25,63,SKU-001
2024-09-26,90,SKU-001
2024-09-27,75,SKU-001
2024-09-28,95,SKU-001
2024-09-29,89,SKU-001
2024-09-30,74,SKU-001
2024-10-01,70,SKU-001
2024-10-02,60,SKU-001
2024-10-03,68,SKU-001
2024-10-04,86,SKU-001
2024-10-05,91,SKU-001
2024-10-06,89,SKU-001
2024-10-07,66,SKU-001
2024-10-08,75,SKU-001
2024-10-09,84,SKU-001
2024-10-10,79,SKU-001
2024-10-11,75,SKU-001
2024-10-12,81,SKU-001
2024-10-13,73,SKU-001
2024-10-14,92,SKU-001
2024-10-15,110,SKU-001
2024-10-16,57,SKU-001
2024-10-17,83,SKU-001
2024-10-18,98,SKU-001
2024-10-19,80,SKU-001
2024-10-20,80,SKU-001
2024-10-21,98,SKU-001
2024-10-22,80,SKU-001
2024-10-23,95,SKU-001
2024-10-24,72,SKU-001
2024-10-25,94,SKU-001
2024-10-26,95,SKU-001
2024-10-27,65,SKU-001
2024-10-28,87,SKU-001
2024-10-29,81,SKU-001
2024-10-30,101,SKU-001
2024-10-31,89,SKU-001
2024-11-01,82,SKU-001
2024-11-02,81,SKU-001
2024-11-03,70,SKU-001
2024-11-04,85,SKU-001
2024-11-05,84,SKU-001
2024-11-06,85,SKU-001
2024-11-07,90,SKU-001
2024-11-08,73,SKU-001
2024-11-09,105,SKU-001
2024-11-10,95,SKU-001
2024-11-11,89,SKU-001
2024-11-12,98,SKU-001
2024-11-13,94,SKU-001
2024-11-14,93,SKU-001
2024-11-15,85,SKU-001
2024-11-16,84,SKU-001
2024-11-17,81,SKU-001
2024-11-18,111,SKU-001
2024-11-19,88,SKU-001
2024-11-20,91,SKU-001
2024-11-21,101,SKU-001
2024-11-22,107,SKU-001
2024-11-23,66,SKU-001
2024-11-24,110,SKU-001
2024-11-25,89,SKU-001
2024-11-26,109,SKU-001
2024-11-27,96,SKU-001
2024-11-28,100,SKU-001
2024-11-29,105,SKU-001
2024-11-30,91,SKU-001
2024-12-01,95,SKU-001
2024-12-02,118,SKU-001
2024-12-03,92,SKU-001
2024-12-04,106,SKU-001
2024-12-05,110,SKU-001
2024-12-06,102,SKU-001
2024-12-07,114,SKU-001
2024-12-08,116,SKU-001
2024-12-09,91,SKU-001
2024-12-10,117,SKU-001
2024-12-11,109,SKU-001
2024-12-12,99,SKU-001
2024-12-13,117,SKU-001
2024-12-14,109,SKU-001
2024-12-15,130,SKU-001
2024-12-16,100,SKU-001
2024-12-17,103,SKU-001
2024-12-18,109,SKU-001
2024-12-19,120,SKU-001
2024-12-20,92,SKU-001
2024-12-21,124,SKU-001
2024-12-22,117,SKU-001
2024-12-23,111,SKU-001
2024-12-24,94,SKU-001
2024-12-25,101,SKU-001
2024-12-26,103,SKU-001
2024-12-27,111,SKU-001
2024-12-28,119,SKU-001
2024-12-29,119,SKU-001
2024-12-30,112,SKU-001
2024-12-31,119,SKU-001
2025-01-01,111,SKU-001
2025-01-02,110,SKU-001
2025-01-03,123,SKU-001
2025-01-04,135,SKU-001
2025-01-05,118,SKU-001
2025-01-06,126,SKU-001
2025-01-07,132,SKU-001
2025-01-08,108,SKU-001
2025-01-09,109,SKU-001
2025-01-10,147,SKU-001
2025-01-11,123,SKU-001
2025-01-12,139,SKU-001
2025-01-13,137,SKU-001
2025-01-14,148,SKU-001
2025-01-15,118,SKU-001
2025-01-16,120,SKU-001
2025-01-17,141,SKU-001
2025-01-18,129,SKU-001
2025-01-19,143,SKU-001
2025-01-20,133,SKU-001
2025-01-21,127,SKU-001
2025-01-22,127,SKU-001
2025-01-23,134,SKU-001
2025-01-24,145,SKU-001
2025-01-25,115,SKU-001
2025-01-26,142,SKU-001
2025-01-27,127,SKU-001
2025-01-28,133,SKU-001
2025-01-29,134,SKU-001
2025-01-30,133,SKU-001
2025-01-31,157,SKU-001
2025-02-01,126,SKU-001
2025-02-02,144,SKU-001
2025-02-03,133,SKU-001
2025-02-04,127,SKU-001
2025-02-05,148,SKU-001
2025-02-06,145,SKU-001
2025-02-07,133,SKU-001
2025-02-08,148,SKU-001
2025-02-09,129,SKU-001
2025-02-10,148,SKU-001
2025-02-11,143,SKU-001
2025-02-12,156,SKU-001
2025-02-13,147,SKU-001
2025-02-14,153,SKU-001
2025-02-15,146,SKU-001
2025-02-16,146,SKU-001
2025-02-17,144,SKU-001
2025-02-18,153,SKU-001
2025-02-19,144,SKU-001
2025-02-20,145,SKU-001
2025-02-21,162,SKU-001
2025-02-22,126,SKU-001
2025-02-23,152,SKU-001
2025-02-24,164,SKU-001
2025-02-25,151,SKU-001
2025-02-26,154,SKU-001
2025-02-27,139,SKU-001
2025-02-28,137,SKU-001
2025-03-01,156,SKU-001
2025-03-02,151,SKU-001
2025-03-03,168,SKU-001
2025-03-04,157,SKU-001
2025-03-05,179,SKU-001
2025-03-06,149,SKU-001
2025-03-07,159,SKU-001
2025-03-08,151,SKU-001
2025-03-09,143,SKU-001
2025-03-10,165,SKU-001
2025-03-11,156,SKU-001
2025-03-12,152,SKU-001
2025-03-13,148,SKU-001
2025-03-14,147,SKU-001
2025-03-15,143,SKU-001
2025-03-16,152,SKU-001
2025-03-17,145,SKU-001
2025-03-18,166,SKU-001
2025-03-19,154,SKU-001
2025-03-20,151,SKU-001
2025-03-21,176,SKU-001
2025-03-22,163,SKU-001
2025-03-23,158,SKU-001
2025-03-24,157,SKU-001
2025-03-25,159,SKU-001
2025-03-26,174,SKU-001
2025-03-27,167,SKU-001
2025-03-28,142,SKU-001
2025-03-29,159,SKU-001
2025-03-30,171,SKU-001
2025-03-31,160,SKU-001
2025-04-01,159,SKU-001
2025-04-02,158,SKU-001
2025-04-03,174,SKU-001
2025-04-04,162,SKU-001
2025-04-05,157,SKU-001
2025-04-06,169,SKU-001
2025-04-07,159,SKU-001
2025-04-08,167,SKU-001
2025-04-09,159,SKU-001
2025-04-10,147,SKU-001
2025-04-11,145,SKU-001
2025-04-12,149,SKU-001
2025-04-13,155,SKU-001
2025-04-14,146,SKU-001
2025-04-15,175,SKU-001
2025-04-16,140,SKU-001
2025-04-17,152,SKU-001
2025-04-18,159,SKU-001
2025-04-19,164,SKU-001
2025-04-20,163,SKU-001
2025-04-21,151,SKU-001
2025-04-22,140,SKU-001
2025-04-23,145,SKU-001
2025-04-24,166,SKU-001
2025-04-25,139,SKU-001
2025-04-26,163,SKU-001
2025-04-27,159,SKU-001
2025-04-28,167,SKU-001
2025-04-29,152,SKU-001
2025-04-30,173,SKU-001
2025-05-01,163,SKU-001
2025-05-02,151,SKU-001
2025-05-03,166,SKU-001
2025-05-04,150,SKU-001
2025-05-05,149,SKU-001
2025-05-06,154,SKU-001
2025-05-07,152,SKU-001
2025-05-08,135,SKU-001
2025-05-09,141,SKU-001
2025-05-10,161,SKU-001
2025-05-11,157,SKU-001
2025-05-12,158,SKU-001
2025-05-13,145,SKU-001
2025-05-14,159,SKU-001
2025-05-15,144,SKU-001
2025-05-16,155,SKU-001
2025-05-17,141,SKU-001
2025-05-18,145,SKU-001
2025-05-19,130,SKU-001
2025-05-20,136,SKU-001
2025-05-21,153,SKU-001
2025-05-22,155,SKU-001
2025-05-23,138,SKU-001
2025-05-24,132,SKU-001
2025-05-25,163,SKU-001
2025-05-26,138,SKU-001
2025-05-27,144,SKU-001
2025-05-28,137,SKU-001
2025-05-29,135,SKU-001
2025-05-30,153,SKU-001
2025-05-31,134,SKU-001
2025-06-01,135,SKU-001
2025-06-02,134,SKU-001
2025-06-03,137,SKU-001
2025-06-04,128,SKU-001
2025-06-05,144,SKU-001
2025-06-06,166,SKU-001
2025-06-07,148,SKU-001
2025-06-08,150,SKU-001
2025-06-09,142,SKU-001
2025-06-10,149,SKU-001
2025-06-11,129,SKU-001
2025-06-12,119,SKU-001
2025-06-13,142,SKU-001
2025-06-14,135,SKU-001
2025-06-15,146,SKU-001
2025-06-16,127,SKU-001
2025-06-17,145,SKU-001
2025-06-18,132,SKU-001
2025-06-19,115,SKU-001
2025-06-20,129,SKU-001
2025-06-21,123,SKU-001
2025-06-22,119,SKU-001
2025-06-23,143,SKU-001
2025-06-24,135,SKU-001
2025-06-25,143,SKU-001
2025-06-26,122,SKU-001
2025-06-27,132,SKU-001
2025-06-28,139,SKU-001
2025-06-29,121,SKU-001
2025-06-30,134,SKU-001
2025-07-01,140,SKU-001
2025-07-02,130,SKU-001
2025-07-03,126,SKU-001
2025-07-04,133,SKU-001
2025-07-05,125,SKU-001
2025-07-06,118,SKU-001
2025-07-07,130,SKU-001
2025-07-08,113,SKU-001
2025-07-09,129,SKU-001
2025-07-10,140,SKU-001
2025-07-11,129,SKU-001
2025-07-12,121,SKU-001
2025-07-13,123,SKU-001
2025-07-14,109,SKU-001
2025-07-15,109,SKU-001
2025-07-16,107,SKU-001
2025-07-17,124,SKU-001
2025-07-18,122,SKU-001
2025-07-19,113,SKU-001
2025-07-20,111,SKU-001
2025-07-21,132,SKU-001
2025-07-22,129,SKU-001
2025-07-23,133,SKU-001
2025-07-24,99,SKU-001
2025-07-25,109,SKU-001
2025-07-26,114,SKU-001
2025-07-27,105,SKU-001
2025-07-28,109,SKU-001
2025-07-29,96,SKU-001
2025-07-30,115,SKU-001
2025-07-31,108,SKU-001
2025-08-01,113,SKU-001
2025-08-02,109,SKU-001
2025-08-03,112,SKU-001
2025-08-04,120,SKU-001
2025-08-05,89,SKU-001
2025-08-06,119,SKU-001
2025-08-07,116,SKU-001
2025-08-08,120,SKU-001
2025-08-09,104,SKU-001
2025-08-10,117,SKU-001
2025-08-11,115,SKU-001
2025-08-12,126,SKU-001
2025-08-13,99,SKU-001
2025-08-14,97,SKU-001
2025-08-15,98,SKU-001
2025-08-16,100,SKU-001
2025-08-17,128,SKU-001
2025-08-18,111,SKU-001
2025-08-19,98,SKU-001
2025-08-20,115,SKU-001
2025-08-21,90,SKU-001
2025-08-22,84,SKU-001
2025-08-23,94,SKU-001
2025-08-24,107,SKU-001
2025-08-25,103,SKU-001
2025-08-26,107,SKU-001
2025-08-27,102,SKU-001
2025-08-28,101,SKU-001
2025-08-29,92,SKU-001
2025-08-30,100,SKU-001
2025-08-31,103,SKU-001
2025-09-01,76,SKU-001
2025-09-02,96,SKU-001
2025-09-03,90,SKU-001
2025-09-04,93,SKU-001
2025-09-05,94,SKU-001
2025-09-06,100,SKU-001
2025-09-07,108,SKU-001
2025-09-08,105,SKU-001
2025-09-09,87,SKU-001
2025-09-10,86,SKU-001
2025-09-11,99,SKU-001
2025-09-12,112,SKU-001
2025-09-13,98,SKU-001
2025-09-14,79,SKU-001
2025-09-15,100,SKU-001
2025-09-16,82,SKU-001
2025-09-17,99,SKU-001
2025-09-18,108,SKU-001
2025-09-19,78,SKU-001
2025-09-20,108,SKU-001
2025-09-21,84,SKU-001
2025-09-22,106,SKU-001
2025-09-23,89,SKU-001
2025-09-24,94,SKU-001
2025-09-25,92,SKU-001
2025-09-26,87,SKU-001
2025-09-27,96,SKU-001
2025-09-28,110,SKU-001
2025-09-29,88,SKU-001
2025-09-30,103,SKU-001
2025-10-01,78,SKU-001
2025-10-02,120,SKU-001
2025-10-03,92,SKU-001
2025-10-04,81,SKU-001
2025-10-05,97,SKU-001
2025-10-06,98,SKU-001
2025-10-07,117,SKU-001
2025-10-08,108,SKU-001
2025-10-09,100,SKU-001
2025-10-10,88,SKU-001
2025-10-11,88,SKU-001
2025-10-12,99,SKU-001
2025-10-13,94,SKU-001
2025-10-14,102,SKU-001
2025-10-15,98,SKU-001
2025-10-16,101,SKU-001
2025-10-17,107,SKU-001
2025-10-18,105,SKU-001
2025-10-19,110,SKU-001
2025-10-20,106,SKU-001
2025-10-21,112,SKU-001
2025-10-22,101,SKU-001
2025-10-23,99,SKU-001
2025-10-24,97,SKU-001
2025-10-25,94,SKU-001
2025-10-26,101,SKU-001
2025-10-27,99,SKU-001
2025-10-28,101,SKU-001
2025-10-29,132,SKU-001
2025-10-30,103,SKU-001
2025-10-31,93,SKU-001
2025-11-01,112,SKU-001
2025-11-02,104,SKU-001
2025-11-03,97,SKU-001
2025-11-04,111,SKU-001
2025-11-05,95,SKU-001
2025-11-06,105,SKU-001
2025-11-07,122,SKU-001
2025-11-08,109,SKU-001
2025-11-09,102,SKU-001
2025-11-10,123,SKU-001
2025-11-11,109,SKU-001
2025-11-12,105,SKU-001
2025-11-13,116,SKU-001
2025-11-14,104,SKU-001
2025-11-15,98,SKU-001
2025-11-16,105,SKU-001
2025-11-17,109,SKU-001
2025-11-18,117,SKU-001
2025-11-19,109,SKU-001
2025-11-20,134,SKU-001
2025-11-21,105,SKU-001
2025-11-22,108,SKU-001
2025-11-23,129,SKU-001
2025-11-24,93,SKU-001
2025-11-25,120,SKU-001
2025-11-26,122,SKU-001
2025-11-27,108,SKU-001
2025-11-28,118,SKU-001
2025-11-29,106,SKU-001
2025-11-30,112,SKU-001
2025-12-01,119,SKU-001
2025-12-02,114,SKU-001
2025-12-03,110,SKU-001
2025-12-04,109,SKU-001
2025-12-05,123,SKU-001
2025-12-06,131,SKU-001
2025-12-07,111,SKU-001
2025-12-08,112,SKU-001
2025-12-09,142,SKU-001
2025-12-10,138,SKU-001
2025-12-11,135,SKU-001
2025-12-12,124,SKU-001
2025-12-13,135,SKU-001
2025-12-14,117,SKU-001
2025-12-15,118,SKU-001
2025-12-16,135,SKU-001
2025-12-17,123,SKU-001
2025-12-18,135,SKU-001
2025-12-19,132,SKU-001
2025-12-20,133,SKU-001
2025-12-21,127,SKU-001
2025-12-22,124,SKU-001
2025-12-23,126,SKU-001
2025-12-24,123,SKU-001
2025-12-25,110,SKU-001
2025-12-26,126,SKU-001
2025-12-27,146,SKU-001
2025-12-28,126,SKU-001
2025-12-29,141,SKU-001
2025-12-30,135,SKU-001
2025-12-31,130,SKU-001
2026-01-01,132,SKU-001
2026-01-02,140,SKU-001
2026-01-03,126,SKU-001
2026-01-04,150,SKU-001
2026-01-05,136,SKU-001
2026-01-06,153,SKU-001
2026-01-07,137,SKU-001
2026-01-08,145,SKU-001
2026-01-09,138,SKU-001
2026-01-10,146,SKU-001
2026-01-11,156,SKU-001
2026-01-12,148,SKU-001
2026-01-13,158,SKU-001
2026-01-14,129,SKU-001
2026-01-15,162,SKU-001
2026-01-16,168,SKU-001
2026-01-17,134,SKU-001
2026-01-18,142,SKU-001
2026-01-19,149,SKU-001
2026-01-20,139,SKU-001
2026-01-21,144,SKU-001
2026-01-22,149,SKU-001
2026-01-23,164,SKU-001
2026-01-24,157,SKU-001
2026-01-25,150,SKU-001
2026-01-26,150,SKU-001
2026-01-27,140,SKU-001
2026-01-28,145,SKU-001
2026-01-29,167,SKU-001
2026-01-30,163,SKU-001
2026-01-31,143,SKU-001
2026-02-01,156,SKU-001
2026-02-02,161,SKU-001
2026-02-03,158,SKU-001
2026-02-04,164,SKU-001
2026-02-05,168,SKU-001
2026-02-06,185,SKU-001
2026-02-07,154,SKU-001
2026-02-08,179,SKU-001
2026-02-09,158,SKU-001
2026-02-10,181,SKU-001
2026-02-11,170,SKU-001
2026-02-12,164,SKU-001
2026-02-13,155,SKU-001
2026-02-14,177,SKU-001
2026-02-15,185,SKU-001
2026-02-16,162,SKU-001
2026-02-17,161,SKU-001
2026-02-18,175,SKU-001
2026-02-19,181,SKU-001
2026-02-20,176,SKU-001
2026-02-21,166,SKU-001
2026-02-22,173,SKU-001
2026-02-23,159,SKU-001
2026-02-24,147,SKU-001
2026-02-25,154,SKU-001
2026-02-26,165,SKU-001
2026-02-27,171,SKU-001
2026-02-28,159,SKU-001
2026-03-01,162,SKU-001
2026-03-02,180,SKU-001
2026-03-03,174,SKU-001
2026-03-04,176,SKU-001
2026-03-05,163,SKU-001
2026-03-06,184,SKU-001
2026-03-07,158,SKU-001
2026-03-08,181,SKU-001
2026-03-09,171,SKU-001
2026-03-10,173,SKU-001
2026-03-11,174,SKU-001
2026-03-12,175,SKU-001
2026-03-13,170,SKU-001
2026-03-14,186,SKU-001
2026-03-15,166,SKU-001
2026-03-16,186,SKU-001
2026-03-17,181,SKU-001
2026-03-18,176,SKU-001
2026-03-19,170,SKU-001
2026-03-20,172,SKU-001
2026-03-21,173,SKU-001
2026-03-22,173,SKU-001
2026-03-23,163,SKU-001
2026-03-24,177,SKU-001
2026-03-25,171,SKU-001
2026-03-26,176,SKU-001
2026-03-27,170,SKU-001
2026-03-28,192,SKU-001
2026-03-29,169,SKU-001
2026-03-30,172,SKU-001
2026-03-31,172,SKU-001
2026-04-01,172,SKU-001
2026-04-02,197,SKU-001
2026-04-03,180,SKU-001
2024-04-04,150,SKU-002
2024-04-05,143,SKU-002
2024-04-06,157,SKU-002
2024-04-07,145,SKU-002
2024-04-08,155,SKU-002
2024-04-09,155,SKU-002
2024-04-10,168,SKU-002
2024-04-11,148,SKU-002
2024-04-12,150,SKU-002
2024-04-13,153,SKU-002
2024-04-14,155,SKU-002
2024-04-15,135,SKU-002
2024-04-16,165,SKU-002
2024-04-17,155,SKU-002
2024-04-18,137,SKU-002
2024-04-19,136,SKU-002
2024-04-20,137,SKU-002
2024-04-21,142,SKU-002
2024-04-22,143,SKU-002
2024-04-23,126,SKU-002
2024-04-24,165,SKU-002
2024-04-25,139,SKU-002
2024-04-26,151,SKU-002
2024-04-27,138,SKU-002
2024-04-28,167,SKU-002
2024-04-29,145,SKU-002
2024-04-30,130,SKU-002
2024-05-01,159,SKU-002
2024-05-02,156,SKU-002
2024-05-03,138,SKU-002
2024-05-04,145,SKU-002
2024-05-05,148,SKU-002
2024-05-06,154,SKU-002
2024-05-07,146,SKU-002
2024-05-08,129,SKU-002
2024-05-09,135,SKU-002
2024-05-10,133,SKU-002
2024-05-11,134,SKU-002
2024-05-12,135,SKU-002
2024-05-13,155,SKU-002
2024-05-14,137,SKU-002
2024-05-15,128,SKU-002
2024-05-16,126,SKU-002
2024-05-17,139,SKU-002
2024-05-18,115,SKU-002
2024-05-19,127,SKU-002
2024-05-20,138,SKU-002
2024-05-21,136,SKU-002
2024-05-22,145,SKU-002
2024-05-23,128,SKU-002
2024-05-24,134,SKU-002
2024-05-25,133,SKU-002
2024-05-26,131,SKU-002
2024-05-27,147,SKU-002
2024-05-28,141,SKU-002
2024-05-29,145,SKU-002
2024-05-30,124,SKU-002
2024-05-31,127,SKU-002
2024-06-01,134,SKU-002
2024-06-02,131,SKU-002
2024-06-03,153,SKU-002
2024-06-04,133,SKU-002
2024-06-05,108,SKU-002
2024-06-06,120,SKU-002
2024-06-07,133,SKU-002
2024-06-08,115,SKU-002
2024-06-09,126,SKU-002
2024-06-10,118,SKU-002
2024-06-11,131,SKU-002
2024-06-12,135,SKU-002
2024-06-13,134,SKU-002
2024-06-14,107,SKU-002
2024-06-15,131,SKU-002
2024-06-16,138,SKU-002
2024-06-17,140,SKU-002
2024-06-18,140,SKU-002
2024-06-19,107,SKU-002
2024-06-20,111,SKU-002
2024-06-21,129,SKU-002
2024-06-22,128,SKU-002
2024-06-23,136,SKU-002
2024-06-24,129,SKU-002
2024-06-25,100,SKU-002
2024-06-26,118,SKU-002
2024-06-27,112,SKU-002
2024-06-28,115,SKU-002
2024-06-29,109,SKU-002
2024-06-30,118,SKU-002
2024-07-01,129,SKU-002
2024-07-02,118,SKU-002
2024-07-03,134,SKU-002
2024-07-04,116,SKU-002
2024-07-05,123,SKU-002
2024-07-06,108,SKU-002
2024-07-07,123,SKU-002
2024-07-08,112,SKU-002
2024-07-09,118,SKU-002
2024-07-10,118,SKU-002
2024-07-11,116,SKU-002
2024-07-12,95,SKU-002
2024-07-13,120,SKU-002
2024-07-14,110,SKU-002
2024-07-15,107,SKU-002
2024-07-16,125,SKU-002
2024-07-17,93,SKU-002
2024-07-18,105,SKU-002
2024-07-19,110,SKU-002
2024-07-20,99,SKU-002
2024-07-21,109,SKU-002
2024-07-22,108,SKU-002
2024-07-23,104,SKU-002
2024-07-24,104,SKU-002
2024-07-25,124,SKU-002
2024-07-26,99,SKU-002
2024-07-27,100,SKU-002
2024-07-28,91,SKU-002
2024-07-29,94,SKU-002
2024-07-30,105,SKU-002
2024-07-31,111,SKU-002
2024-08-01,80,SKU-002
2024-08-02,90,SKU-002
2024-08-03,110,SKU-002
2024-08-04,116,SKU-002
2024-08-05,112,SKU-002
2024-08-06,90,SKU-002
2024-08-07,92,SKU-002
2024-08-08,81,SKU-002
2024-08-09,103,SKU-002
2024-08-10,96,SKU-002
2024-08-11,95,SKU-002
2024-08-12,100,SKU-002
2024-08-13,106,SKU-002
2024-08-14,123,SKU-002
2024-08-15,89,SKU-002
2024-08-16,92,SKU-002
2024-08-17,83,SKU-002
2024-08-18,89,SKU-002
2024-08-19,84,SKU-002
2024-08-20,84,SKU-002
2024-08-21,85,SKU-002
2024-08-22,100,SKU-002
2024-08-23,94,SKU-002
2024-08-24,95,SKU-002
2024-08-25,85,SKU-002
2024-08-26,95,SKU-002
2024-08-27,101,SKU-002
2024-08-28,98,SKU-002
2024-08-29,86,SKU-002
2024-08-30,96,SKU-002
2024-08-31,98,SKU-002
2024-09-01,106,SKU-002
2024-09-02,90,SKU-002
2024-09-03,83,SKU-002
2024-09-04,104,SKU-002
2024-09-05,89,SKU-002
2024-09-06,111,SKU-002
2024-09-07,107,SKU-002
2024-09-08,92,SKU-002
2024-09-09,74,SKU-002
2024-09-10,76,SKU-002
2024-09-11,73,SKU-002
2024-09-12,87,SKU-002
2024-09-13,71,SKU-002
2024-09-14,86,SKU-002
2024-09-15,97,SKU-002
2024-09-16,86,SKU-002
2024-09-17,95,SKU-002
2024-09-18,91,SKU-002
2024-09-19,83,SKU-002
2024-09-20,102,SKU-002
2024-09-21,92,SKU-002
2024-09-22,86,SKU-002
2024-09-23,87,SKU-002
2024-09-24,89,SKU-002
2024-09-25,73,SKU-002
2024-09-26,73,SKU-002
2024-09-27,87,SKU-002
2024-09-28,89,SKU-002
2024-09-29,86,SKU-002
2024-09-30,76,SKU-002
2024-10-01,87,SKU-002
2024-10-02,103,SKU-002
2024-10-03,89,SKU-002
2024-10-04,89,SKU-002
2024-10-05,77,SKU-002
2024-10-06,80,SKU-002
2024-10-07,82,SKU-002
2024-10-08,94,SKU-002
2024-10-09,90,SKU-002
2024-10-10,76,SKU-002
2024-10-11,87,SKU-002
2024-10-12,90,SKU-002
2024-10-13,100,SKU-002
2024-10-14,90,SKU-002
2024-10-15,97,SKU-002
2024-10-16,88,SKU-002
2024-10-17,73,SKU-002
2024-10-18,92,SKU-002
2024-10-19,84,SKU-002
2024-10-20,83,SKU-002
2024-10-21,91,SKU-002
2024-10-22,88,SKU-002
2024-10-23,83,SKU-002
2024-10-24,84,SKU-002
2024-10-25,95,SKU-002
2024-10-26,90,SKU-002
2024-10-27,88,SKU-002
2024-10-28,96,SKU-002
2024-10-29,82,SKU-002
2024-10-30,103,SKU-002
2024-10-31,88,SKU-002
2024-11-01,81,SKU-002
2024-11-02,105,SKU-002
2024-11-03,99,SKU-002
2024-11-04,103,SKU-002
2024-11-05,105,SKU-002
2024-11-06,91,SKU-002
2024-11-07,91,SKU-002
2024-11-08,104,SKU-002
2024-11-09,88,SKU-002
2024-11-10,101,SKU-002
2024-11-11,96,SKU-002
2024-11-12,103,SKU-002
2024-11-13,109,SKU-002
2024-11-14,120,SKU-002
2024-11-15,95,SKU-002
2024-11-16,92,SKU-002
2024-11-17,106,SKU-002
2024-11-18,92,SKU-002
2024-11-19,115,SKU-002
2024-11-20,103,SKU-002
2024-11-21,102,SKU-002
2024-11-22,85,SKU-002
2024-11-23,106,SKU-002
2024-11-24,119,SKU-002
2024-11-25,80,SKU-002
2024-11-26,110,SKU-002
2024-11-27,106,SKU-002
2024-11-28,111,SKU-002
2024-11-29,120,SKU-002
2024-11-30,115,SKU-002
2024-12-01,113,SKU-002
2024-12-02,116,SKU-002
2024-12-03,112,SKU-002
2024-12-04,107,SKU-002
2024-12-05,122,SKU-002
2024-12-06,121,SKU-002
2024-12-07,105,SKU-002
2024-12-08,110,SKU-002
2024-12-09,101,SKU-002
2024-12-10,120,SKU-002
2024-12-11,126,SKU-002
2024-12-12,114,SKU-002
2024-12-13,109,SKU-002
2024-12-14,108,SKU-002
2024-12-15,131,SKU-002
2024-12-16,98,SKU-002
2024-12-17,119,SKU-002
2024-12-18,116,SKU-002
2024-12-19,128,SKU-002
2024-12-20,113,SKU-002
2024-12-21,112,SKU-002
2024-12-22,134,SKU-002
2024-12-23,130,SKU-002
2024-12-24,110,SKU-002
2024-12-25,125,SKU-002
2024-12-26,135,SKU-002
2024-12-27,126,SKU-002
2024-12-28,119,SKU-002
2024-12-29,117,SKU-002
2024-12-30,124,SKU-002
2024-12-31,136,SKU-002
2025-01-01,136,SKU-002
2025-01-02,140,SKU-002
2025-01-03,113,SKU-002
2025-01-04,123,SKU-002
2025-01-05,125,SKU-002
2025-01-06,134,SKU-002
2025-01-07,128,SKU-002
2025-01-08,131,SKU-002
2025-01-09,131,SKU-002
2025-01-10,134,SKU-002
2025-01-11,144,SKU-002
2025-01-12,125,SKU-002
2025-01-13,140,SKU-002
2025-01-14,125,SKU-002
2025-01-15,133,SKU-002
2025-01-16,132,SKU-002
2025-01-17,130,SKU-002
2025-01-18,128,SKU-002
2025-01-19,149,SKU-002
2025-01-20,140,SKU-002
2025-01-21,137,SKU-002
2025-01-22,146,SKU-002
2025-01-23,166,SKU-002
2025-01-24,134,SKU-002
2025-01-25,136,SKU-002
2025-01-26,143,SKU-002
2025-01-27,134,SKU-002
2025-01-28,126,SKU-002
2025-01-29,119,SKU-002
2025-01-30,130,SKU-002
2025-01-31,153,SKU-002
2025-02-01,151,SKU-002
2025-02-02,149,SKU-002
2025-02-03,147,SKU-002
2025-02-04,153,SKU-002
2025-02-05,142,SKU-002
2025-02-06,164,SKU-002
2025-02-07,148,SKU-002
2025-02-08,150,SKU-002
2025-02-09,155,SKU-002
2025-02-10,144,SKU-002
2025-02-11,155,SKU-002
2025-02-12,138,SKU-002
2025-02-13,146,SKU-002
2025-02-14,149,SKU-002
2025-02-15,157,SKU-002
2025-02-16,148,SKU-002
2025-02-17,158,SKU-002
2025-02-18,149,SKU-002
2025-02-19,143,SKU-002
2025-02-20,156,SKU-002
2025-02-21,154,SKU-002
2025-02-22,146,SKU-002
2025-02-23,163,SKU-002
2025-02-24,164,SKU-002
2025-02-25,165,SKU-002
2025-02-26,167,SKU-002
2025-02-27,151,SKU-002
2025-02-28,145,SKU-002
2025-03-01,149,SKU-002
2025-03-02,166,SKU-002
2025-03-03,144,SKU-002
2025-03-04,169,SKU-002
2025-03-05,166,SKU-002
2025-03-06,162,SKU-002
2025-03-07,153,SKU-002
2025-03-08,146,SKU-002
2025-03-09,155,SKU-002
2025-03-10,153,SKU-002
2025-03-11,173,SKU-002
2025-03-12,161,SKU-002
2025-03-13,182,SKU-002
2025-03-14,164,SKU-002
2025-03-15,173,SKU-002
2025-03-16,176,SKU-002
2025-03-17,161,SKU-002
2025-03-18,171,SKU-002
2025-03-19,149,SKU-002
2025-03-20,158,SKU-002
2025-03-21,162,SKU-002
2025-03-22,172,SKU-002
2025-03-23,155,SKU-002
2025-03-24,160,SKU-002
2025-03-25,157,SKU-002
2025-03-26,184,SKU-002
2025-03-27,167,SKU-002
2025-03-28,149,SKU-002
2025-03-29,144,SKU-002
2025-03-30,162,SKU-002
2025-03-31,151,SKU-002
2025-04-01,152,SKU-002
2025-04-02,159,SKU-002
2025-04-03,178,SKU-002
2025-04-04,180,SKU-002
2025-04-05,181,SKU-002
2025-04-06,154,SKU-002
2025-04-07,159,SKU-002
2025-04-08,155,SKU-002
2025-04-09,151,SKU-002
2025-04-10,154,SKU-002
2025-04-11,172,SKU-002
2025-04-12,164,SKU-002
2025-04-13,184,SKU-002
2025-04-14,162,SKU-002
2025-04-15,156,SKU-002
2025-04-16,171,SKU-002
2025-04-17,168,SKU-002
2025-04-18,164,SKU-002
2025-04-19,179,SKU-002
2025-04-20,158,SKU-002
2025-04-21,146,SKU-002
2025-04-22,153,SKU-002
2025-04-23,172,SKU-002
2025-04-24,171,SKU-002
2025-04-25,170,SKU-002
2025-04-26,174,SKU-002
2025-04-27,167,SKU-002
2025-04-28,168,SKU-002
2025-04-29,161,SKU-002
2025-04-30,163,SKU-002
2025-05-01,160,SKU-002
2025-05-02,164,SKU-002
2025-05-03,151,SKU-002
2025-05-04,170,SKU-002
2025-05-05,157,SKU-002
2025-05-06,162,SKU-002
2025-05-07,150,SKU-002
2025-05-08,156,SKU-002
2025-05-09,143,SKU-002
2025-05-10,165,SKU-002
2025-05-11,146,SKU-002
2025-05-12,147,SKU-002
2025-05-13,172,SKU-002
2025-05-14,169,SKU-002
2025-05-15,162,SKU-002
2025-05-16,153,SKU-002
2025-05-17,164,SKU-002
2025-05-18,158,SKU-002
2025-05-19,162,SKU-002
2025-05-20,141,SKU-002
2025-05-21,152,SKU-002
2025-05-22,145,SKU-002
2025-05-23,150,SKU-002
2025-05-24,154,SKU-002
2025-05-25,144,SKU-002
2025-05-26,155,SKU-002
2025-05-27,170,SKU-002
2025-05-28,163,SKU-002
2025-05-29,145,SKU-002
2025-05-30,146,SKU-002
2025-05-31,151,SKU-002
2025-06-01,149,SKU-002
2025-06-02,154,SKU-002
2025-06-03,143,SKU-002
2025-06-04,145,SKU-002
2025-06-05,137,SKU-002
2025-06-06,149,SKU-002
2025-06-07,143,SKU-002
2025-06-08,142,SKU-002
2025-06-09,145,SKU-002
2025-06-10,153,SKU-002
2025-06-11,145,SKU-002
2025-06-12,145,SKU-002
2025-06-13,114,SKU-002
2025-06-14,153,SKU-002
2025-06-15,148,SKU-002
2025-06-16,147,SKU-002
2025-06-17,141,SKU-002
2025-06-18,140,SKU-002
2025-06-19,146,SKU-002
2025-06-20,150,SKU-002
2025-06-21,148,SKU-002
2025-06-22,142,SKU-002
2025-06-23,153,SKU-002
2025-06-24,131,SKU-002
2025-06-25,125,SKU-002
2025-06-26,132,SKU-002
2025-06-27,129,SKU-002
2025-06-28,141,SKU-002
2025-06-29,132,SKU-002
2025-06-30,135,SKU-002
2025-07-01,128,SKU-002
2025-07-02,134,SKU-002
2025-07-03,129,SKU-002
2025-07-04,134,SKU-002
2025-07-05,143,SKU-002
2025-07-06,130,SKU-002
2025-07-07,138,SKU-002
2025-07-08,126,SKU-002
2025-07-09,131,SKU-002
2025-07-10,110,SKU-002
2025-07-11,109,SKU-002
2025-07-12,136,SKU-002
2025-07-13,125,SKU-002
2025-07-14,132,SKU-002
2025-07-15,139,SKU-002
2025-07-16,124,SKU-002
2025-07-17,132,SKU-002
2025-07-18,137,SKU-002
2025-07-19,139,SKU-002
2025-07-20,112,SKU-002
2025-07-21,127,SKU-002
2025-07-22,119,SKU-002
2025-07-23,124,SKU-002
2025-07-24,124,SKU-002
2025-07-25,131,SKU-002
2025-07-26,101,SKU-002
2025-07-27,121,SKU-002
2025-07-28,110,SKU-002
2025-07-29,128,SKU-002
2025-07-30,117,SKU-002
2025-07-31,129,SKU-002
2025-08-01,116,SKU-002
2025-08-02,123,SKU-002
2025-08-03,106,SKU-002
2025-08-04,113,SKU-002
2025-08-05,132,SKU-002
2025-08-06,108,SKU-002
2025-08-07,141,SKU-002
2025-08-08,108,SKU-002
2025-08-09,112,SKU-002
2025-08-10,137,SKU-002
2025-08-11,108,SKU-002
2025-08-12,122,SKU-002
2025-08-13,118,SKU-002
2025-08-14,111,SKU-002
2025-08-15,127,SKU-002
2025-08-16,107,SKU-002
2025-08-17,110,SKU-002
2025-08-18,128,SKU-002
2025-08-19,103,SKU-002
2025-08-20,111,SKU-002
2025-08-21,111,SKU-002
2025-08-22,111,SKU-002
2025-08-23,103,SKU-002
2025-08-24,113,SKU-002
2025-08-25,106,SKU-002
2025-08-26,114,SKU-002
2025-08-27,120,SKU-002
2025-08-28,103,SKU-002
2025-08-29,96,SKU-002
2025-08-30,117,SKU-002
2025-08-31,120,SKU-002
2025-09-01,89,SKU-002
2025-09-02,114,SKU-002
2025-09-03,105,SKU-002
2025-09-04,111,SKU-002
2025-09-05,122,SKU-002
2025-09-06,89,SKU-002
2025-09-07,116,SKU-002
2025-09-08,109,SKU-002
2025-09-09,119,SKU-002
2025-09-10,112,SKU-002
2025-09-11,119,SKU-002
2025-09-12,115,SKU-002
2025-09-13,115,SKU-002
2025-09-14,112,SKU-002
2025-09-15,110,SKU-002
2025-09-16,96,SKU-002
2025-09-17,92,SKU-002
2025-09-18,114,SKU-002
2025-09-19,101,SKU-002
2025-09-20,113,SKU-002
2025-09-21,90,SKU-002
2025-09-22,111,SKU-002
2025-09-23,110,SKU-002
2025-09-24,113,SKU-002
2025-09-25,103,SKU-002
2025-09-26,121,SKU-002
2025-09-27,103,SKU-002
2025-09-28,95,SKU-002
2025-09-29,110,SKU-002
2025-09-30,113,SKU-002
2025-10-01,112,SKU-002
2025-10-02,98,SKU-002
2025-10-03,87,SKU-002
2025-10-04,94,SKU-002
2025-10-05,100,SKU-002
2025-10-06,121,SKU-002
2025-10-07,110,SKU-002
2025-10-08,99,SKU-002
2025-10-09,88,SKU-002
2025-10-10,109,SKU-002
2025-10-11,105,SKU-002
2025-10-12,116,SKU-002
2025-10-13,101,SKU-002
2025-10-14,103,SKU-002
2025-10-15,120,SKU-002
2025-10-16,99,SKU-002
2025-10-17,115,SKU-002
2025-10-18,113,SKU-002
2025-10-19,113,SKU-002
2025-10-20,102,SKU-002
2025-10-21,110,SKU-002
2025-10-22,100,SKU-002
2025-10-23,107,SKU-002
2025-10-24,117,SKU-002
2025-10-25,114,SKU-002
2025-10-26,104,SKU-002
2025-10-27,113,SKU-002
2025-10-28,130,SKU-002
2025-10-29,111,SKU-002
2025-10-30,95,SKU-002
2025-10-31,113,SKU-002
2025-11-01,118,SKU-002
2025-11-02,116,SKU-002
2025-11-03,111,SKU-002
2025-11-04,111,SKU-002
2025-11-05,122,SKU-002
2025-11-06,124,SKU-002
2025-11-07,124,SKU-002
2025-11-08,109,SKU-002
2025-11-09,129,SKU-002
2025-11-10,103,SKU-002
2025-11-11,105,SKU-002
2025-11-12,119,SKU-002
2025-11-13,123,SKU-002
2025-11-14,104,SKU-002
2025-11-15,106,SKU-002
2025-11-16,129,SKU-002
2025-11-17,99,SKU-002
2025-11-18,110,SKU-002
2025-11-19,129,SKU-002
2025-11-20,119,SKU-002
2025-11-21,110,SKU-002
2025-11-22,116,SKU-002
2025-11-23,125,SKU-002
2025-11-24,112,SKU-002
2025-11-25,143,SKU-002
2025-11-26,132,SKU-002
2025-11-27,117,SKU-002
2025-11-28,135,SKU-002
2025-11-29,131,SKU-002
2025-11-30,110,SKU-002
2025-12-01,111,SKU-002
2025-12-02,139,SKU-002
2025-12-03,132,SKU-002
2025-12-04,106,SKU-002
2025-12-05,143,SKU-002
2025-12-06,139,SKU-002
2025-12-07,123,SKU-002
2025-12-08,128,SKU-002
2025-12-09,127,SKU-002
2025-12-10,133,SKU-002
2025-12-11,126,SKU-002
2025-12-12,118,SKU-002
2025-12-13,120,SKU-002
2025-12-14,133,SKU-002
2025-12-15,139,SKU-002
2025-12-16,125,SKU-002
2025-12-17,135,SKU-002
2025-12-18,124,SKU-002
2025-12-19,148,SKU-002
2025-12-20,146,SKU-002
2025-12-21,159,SKU-002
2025-12-22,124,SKU-002
2025-12-23,125,SKU-002
2025-12-24,146,SKU-002
2025-12-25,139,SKU-002
2025-12-26,142,SKU-002
2025-12-27,129,SKU-002
2025-12-28,167,SKU-002
2025-12-29,152,SKU-002
2025-12-30,139,SKU-002
2025-12-31,150,SKU-002
2026-01-01,152,SKU-002
2026-01-02,140,SKU-002
2026-01-03,145,SKU-002
2026-01-04,148,SKU-002
2026-01-05,123,SKU-002
2026-01-06,143,SKU-002
2026-01-07,161,SKU-002
2026-01-08,148,SKU-002
2026-01-09,139,SKU-002
2026-01-10,160,SKU-002
2026-01-11,154,SKU-002
2026-01-12,167,SKU-002
2026-01-13,134,SKU-002
2026-01-14,147,SKU-002
2026-01-15,155,SKU-002
2026-01-16,150,SKU-002
2026-01-17,152,SKU-002
2026-01-18,144,SKU-002
2026-01-19,163,SKU-002
2026-01-20,150,SKU-002
2026-01-21,158,SKU-002
2026-01-22,162,SKU-002
2026-01-23,168,SKU-002
2026-01-24,152,SKU-002
2026-01-25,160,SKU-002
2026-01-26,173,SKU-002
2026-01-27,165,SKU-002
2026-01-28,180,SKU-002
2026-01-29,163,SKU-002
2026-01-30,156,SKU-002
2026-01-31,174,SKU-002
2026-02-01,140,SKU-002
2026-02-02,167,SKU-002
2026-02-03,196,SKU-002
2026-02-04,173,SKU-002
2026-02-05,155,SKU-002
2026-02-06,179,SKU-002
2026-02-07,154,SKU-002
2026-02-08,155,SKU-002
2026-02-09,147,SKU-002
2026-02-10,160,SKU-002
2026-02-11,175,SKU-002
2026-02-12,164,SKU-002
2026-02-13,174,SKU-002
2026-02-14,187,SKU-002
2026-02-15,187,SKU-002
2026-02-16,167,SKU-002
2026-02-17,183,SKU-002
2026-02-18,172,SKU-002
2026-02-19,173,SKU-002
2026-02-20,166,SKU-002
2026-02-21,168,SKU-002
2026-02-22,161,SKU-002
2026-02-23,165,SKU-002
2026-02-24,189,SKU-002
2026-02-25,179,SKU-002
2026-02-26,179,SKU-002
2026-02-27,185,SKU-002
2026-02-28,191,SKU-002
2026-03-01,183,SKU-002
2026-03-02,177,SKU-002
2026-03-03,169,SKU-002
2026-03-04,170,SKU-002
2026-03-05,179,SKU-002
2026-03-06,195,SKU-002
2026-03-07,185,SKU-002
2026-03-08,171,SKU-002
2026-03-09,177,SKU-002
2026-03-10,166,SKU-002
2026-03-11,177,SKU-002
2026-03-12,167,SKU-002
2026-03-13,184,SKU-002
2026-03-14,171,SKU-002
2026-03-15,185,SKU-002
2026-03-16,173,SKU-002
2026-03-17,174,SKU-002
2026-03-18,172,SKU-002
2026-03-19,190,SKU-002
2026-03-20,197,SKU-002
2026-03-21,204,SKU-002
2026-03-22,193,SKU-002
2026-03-23,170,SKU-002
2026-03-24,194,SKU-002
2026-03-25,192,SKU-002
2026-03-26,194,SKU-002
2026-03-27,191,SKU-002
2026-03-28,182,SKU-002
2026-03-29,198,SKU-002
2026-03-30,183,SKU-002
2026-03-31,182,SKU-002
2026-04-01,183,SKU-002
2026-04-02,198,SKU-002
2026-04-03,185,SKU-002
2024-04-04,99,SKU-003
2024-04-05,101,SKU-003
2024-04-06,95,SKU-003
2024-04-07,93,SKU-003
2024-04-08,121,SKU-003
2024-04-09,97,SKU-003
2024-04-10,126,SKU-003
2024-04-11,91,SKU-003
2024-04-12,103,SKU-003
2024-04-13,109,SKU-003
2024-04-14,107,SKU-003
2024-04-15,101,SKU-003
2024-04-16,89,SKU-003
2024-04-17,107,SKU-003
2024-04-18,100,SKU-003
2024-04-19,95,SKU-003
2024-04-20,114,SKU-003
2024-04-21,92,SKU-003
2024-04-22,82,SKU-003
2024-04-23,106,SKU-003
2024-04-24,91,SKU-003
2024-04-25,103,SKU-003
2024-04-26,81,SKU-003
2024-04-27,96,SKU-003
2024-04-28,106,SKU-003
2024-04-29,98,SKU-003
2024-04-30,93,SKU-003
2024-05-01,90,SKU-003
2024-05-02,86,SKU-003
2024-05-03,87,SKU-003
2024-05-04,102,SKU-003
2024-05-05,70,SKU-003
2024-05-06,90,SKU-003
2024-05-07,101,SKU-003
2024-05-08,96,SKU-003
2024-05-09,84,SKU-003
2024-05-10,84,SKU-003
2024-05-11,94,SKU-003
2024-05-12,107,SKU-003
2024-05-13,95,SKU-003
2024-05-14,93,SKU-003
2024-05-15,96,SKU-003
2024-05-16,90,SKU-003
2024-05-17,98,SKU-003
2024-05-18,85,SKU-003
2024-05-19,67,SKU-003
2024-05-20,70,SKU-003
2024-05-21,92,SKU-003
2024-05-22,99,SKU-003
2024-05-23,95,SKU-003
2024-05-24,74,SKU-003
2024-05-25,79,SKU-003
2024-05-26,93,SKU-003
2024-05-27,86,SKU-003
2024-05-28,82,SKU-003
2024-05-29,96,SKU-003
2024-05-30,93,SKU-003
2024-05-31,78,SKU-003
2024-06-01,86,SKU-003
2024-06-02,61,SKU-003
2024-06-03,71,SKU-003
2024-06-04,79,SKU-003
2024-06-05,73,SKU-003
2024-06-06,86,SKU-003
2024-06-07,85,SKU-003
2024-06-08,86,SKU-003
2024-06-09,106,SKU-003
2024-06-10,83,SKU-003
2024-06-11,89,SKU-003
2024-06-12,80,SKU-003
2024-06-13,85,SKU-003
2024-06-14,77,SKU-003
2024-06-15,84,SKU-003
2024-06-16,92,SKU-003
2024-06-17,76,SKU-003
2024-06-18,69,SKU-003
2024-06-19,68,SKU-003
2024-06-20,73,SKU-003
2024-06-21,75,SKU-003
2024-06-22,57,SKU-003
2024-06-23,67,SKU-003
2024-06-24,82,SKU-003
2024-06-25,92,SKU-003
2024-06-26,58,SKU-003
2024-06-27,63,SKU-003
2024-06-28,64,SKU-003
2024-06-29,70,SKU-003
2024-06-30,64,SKU-003
2024-07-01,71,SKU-003
2024-07-02,62,SKU-003
2024-07-03,68,SKU-003
2024-07-04,69,SKU-003
2024-07-05,88,SKU-003
2024-07-06,72,SKU-003
2024-07-07,61,SKU-003
2024-07-08,66,SKU-003
2024-07-09,78,SKU-003
2024-07-10,70,SKU-003
2024-07-11,64,SKU-003
2024-07-12,58,SKU-003
2024-07-13,45,SKU-003
2024-07-14,56,SKU-003
2024-07-15,79,SKU-003
2024-07-16,74,SKU-003
2024-07-17,56,SKU-003
2024-07-18,58,SKU-003
2024-07-19,63,SKU-003
2024-07-20,40,SKU-003
2024-07-21,42,SKU-003
2024-07-22,67,SKU-003
2024-07-23,67,SKU-003
2024-07-24,53,SKU-003
2024-07-25,59,SKU-003
2024-07-26,58,SKU-003
2024-07-27,63,SKU-003
2024-07-28,42,SKU-003
2024-07-29,47,SKU-003
2024-07-30,59,SKU-003
2024-07-31,60,SKU-003
2024-08-01,50,SKU-003
2024-08-02,54,SKU-003
2024-08-03,64,SKU-003
2024-08-04,47,SKU-003
2024-08-05,41,SKU-003
2024-08-06,62,SKU-003
2024-08-07,49,SKU-003
2024-08-08,39,SKU-003
2024-08-09,19,SKU-003
2024-08-10,42,SKU-003
2024-08-11,51,SKU-003
2024-08-12,55,SKU-003
2024-08-13,42,SKU-003
2024-08-14,48,SKU-003
2024-08-15,55,SKU-003
2024-08-16,53,SKU-003
2024-08-17,49,SKU-003
2024-08-18,33,SKU-003
2024-08-19,35,SKU-003
2024-08-20,34,SKU-003
2024-08-21,47,SKU-003
2024-08-22,49,SKU-003
2024-08-23,41,SKU-003
2024-08-24,34,SKU-003
2024-08-25,40,SKU-003
2024-08-26,31,SKU-003
2024-08-27,57,SKU-003
2024-08-28,42,SKU-003
2024-08-29,18,SKU-003
2024-08-30,31,SKU-003
2024-08-31,39,SKU-003
2024-09-01,44,SKU-003
2024-09-02,36,SKU-003
2024-09-03,32,SKU-003
2024-09-04,23,SKU-003
2024-09-05,51,SKU-003
2024-09-06,40,SKU-003
2024-09-07,46,SKU-003
2024-09-08,27,SKU-003
2024-09-09,31,SKU-003
2024-09-10,48,SKU-003
2024-09-11,29,SKU-003
2024-09-12,43,SKU-003
2024-09-13,42,SKU-003
2024-09-14,50,SKU-003
2024-09-15,40,SKU-003
2024-09-16,36,SKU-003
2024-09-17,54,SKU-003
2024-09-18,39,SKU-003
2024-09-19,41,SKU-003
2024-09-20,25,SKU-003
2024-09-21,40,SKU-003
2024-09-22,47,SKU-003
2024-09-23,30,SKU-003
2024-09-24,47,SKU-003
2024-09-25,30,SKU-003
2024-09-26,61,SKU-003
2024-09-27,55,SKU-003
2024-09-28,34,SKU-003
2024-09-29,39,SKU-003
2024-09-30,55,SKU-003
2024-10-01,39,SKU-003
2024-10-02,28,SKU-003
2024-10-03,38,SKU-003
2024-10-04,31,SKU-003
2024-10-05,34,SKU-003
2024-10-06,50,SKU-003
2024-10-07,30,SKU-003
2024-10-08,55,SKU-003
2024-10-09,32,SKU-003
2024-10-10,18,SKU-003
2024-10-11,36,SKU-003
2024-10-12,57,SKU-003
2024-10-13,52,SKU-003
2024-10-14,26,SKU-003
2024-10-15,43,SKU-003
2024-10-16,21,SKU-003
2024-10-17,31,SKU-003
2024-10-18,43,SKU-003
2024-10-19,40,SKU-003
2024-10-20,33,SKU-003
2024-10-21,57,SKU-003
2024-10-22,26,SKU-003
2024-10-23,37,SKU-003
2024-10-24,21,SKU-003
2024-10-25,52,SKU-003
2024-10-26,36,SKU-003
2024-10-27,40,SKU-003
2024-10-28,26,SKU-003
2024-10-29,29,SKU-003
2024-10-30,29,SKU-003
2024-10-31,58,SKU-003
2024-11-01,36,SKU-003
2024-11-02,48,SKU-003
2024-11-03,52,SKU-003
2024-11-04,22,SKU-003
2024-11-05,57,SKU-003
2024-11-06,54,SKU-003
2024-11-07,58,SKU-003
2024-11-08,54,SKU-003
2024-11-09,46,SKU-003
2024-11-10,61,SKU-003
2024-11-11,42,SKU-003
2024-11-12,40,SKU-003
2024-11-13,53,SKU-003
2024-11-14,47,SKU-003
2024-11-15,55,SKU-003
2024-11-16,41,SKU-003
2024-11-17,55,SKU-003
2024-11-18,49,SKU-003
2024-11-19,58,SKU-003
2024-11-20,57,SKU-003
2024-11-21,61,SKU-003
2024-11-22,55,SKU-003
2024-11-23,58,SKU-003
2024-11-24,50,SKU-003
2024-11-25,66,SKU-003
2024-11-26,67,SKU-003
2024-11-27,53,SKU-003
2024-11-28,52,SKU-003
2024-11-29,54,SKU-003
2024-11-30,57,SKU-003
2024-12-01,60,SKU-003
2024-12-02,51,SKU-003
2024-12-03,54,SKU-003
2024-12-04,77,SKU-003
2024-12-05,54,SKU-003
2024-12-06,81,SKU-003
2024-12-07,45,SKU-003
2024-12-08,42,SKU-003
2024-12-09,62,SKU-003
2024-12-10,50,SKU-003
2024-12-11,70,SKU-003
2024-12-12,58,SKU-003
2024-12-13,67,SKU-003
2024-12-14,55,SKU-003
2024-12-15,70,SKU-003
2024-12-16,76,SKU-003
2024-12-17,55,SKU-003
2024-12-18,71,SKU-003
2024-12-19,67,SKU-003
2024-12-20,61,SKU-003
2024-12-21,80,SKU-003
2024-12-22,75,SKU-003
2024-12-23,65,SKU-003
2024-12-24,90,SKU-003
2024-12-25,87,SKU-003
2024-12-26,69,SKU-003
2024-12-27,88,SKU-003
2024-12-28,89,SKU-003
2024-12-29,82,SKU-003
2024-12-30,63,SKU-003
2024-12-31,84,SKU-003
2025-01-01,73,SKU-003
2025-01-02,72,SKU-003
2025-01-03,70,SKU-003
2025-01-04,94,SKU-003
2025-01-05,78,SKU-003
2025-01-06,70,SKU-003
2025-01-07,79,SKU-003
2025-01-08,64,SKU-003
2025-01-09,81,SKU-003
2025-01-10,96,SKU-003
2025-01-11,83,SKU-003
2025-01-12,88,SKU-003
2025-01-13,95,SKU-003
2025-01-14,89,SKU-003
2025-01-15,71,SKU-003
2025-01-16,91,SKU-003
2025-01-17,66,SKU-003
2025-01-18,106,SKU-003
2025-01-19,80,SKU-003
2025-01-20,87,SKU-003
2025-01-21,84,SKU-003
2025-01-22,98,SKU-003
2025-01-23,75,SKU-003
2025-01-24,79,SKU-003
2025-01-25,99,SKU-003
2025-01-26,104,SKU-003
2025-01-27,102,SKU-003
2025-01-28,90,SKU-003
2025-01-29,90,SKU-003
2025-01-30,111,SKU-003
2025-01-31,100,SKU-003
2025-02-01,96,SKU-003
2025-02-02,100,SKU-003
2025-02-03,103,SKU-003
2025-02-04,106,SKU-003
2025-02-05,93,SKU-003
2025-02-06,96,SKU-003
2025-02-07,98,SKU-003
2025-02-08,93,SKU-003
2025-02-09,95,SKU-003
2025-02-10,89,SKU-003
2025-02-11,102,SKU-003
2025-02-12,107,SKU-003
2025-02-13,120,SKU-003
2025-02-14,95,SKU-003
2025-02-15,109,SKU-003
2025-02-16,95,SKU-003
2025-02-17,121,SKU-003
2025-02-18,93,SKU-003
2025-02-19,115,SKU-003
2025-02-20,107,SKU-003
2025-02-21,113,SKU-003
2025-02-22,111,SKU-003
2025-02-23,105,SKU-003
2025-02-24,112,SKU-003
2025-02-25,114,SKU-003
2025-02-26,112,SKU-003
2025-02-27,96,SKU-003
2025-02-28,121,SKU-003
2025-03-01,107,SKU-003
2025-03-02,113,SKU-003
2025-03-03,118,SKU-003
2025-03-04,125,SKU-003
2025-03-05,108,SKU-003
2025-03-06,114,SKU-003
2025-03-07,114,SKU-003
2025-03-08,117,SKU-003
2025-03-09,103,SKU-003
2025-03-10,119,SKU-003
2025-03-11,95,SKU-003
2025-03-12,115,SKU-003
2025-03-13,120,SKU-003
2025-03-14,105,SKU-003
2025-03-15,100,SKU-003
2025-03-16,90,SKU-003
2025-03-17,105,SKU-003
2025-03-18,129,SKU-003
2025-03-19,122,SKU-003
2025-03-20,114,SKU-003
2025-03-21,130,SKU-003
2025-03-22,122,SKU-003
2025-03-23,117,SKU-003
2025-03-24,95,SKU-003
2025-03-25,121,SKU-003
2025-03-26,132,SKU-003
2025-03-27,120,SKU-003
2025-03-28,110,SKU-003
2025-03-29,121,SKU-003
2025-03-30,128,SKU-003
2025-03-31,124,SKU-003
2025-04-01,112,SKU-003
2025-04-02,109,SKU-003
2025-04-03,128,SKU-003
2025-04-04,106,SKU-003
2025-04-05,106,SKU-003
2025-04-06,113,SKU-003
2025-04-07,110,SKU-003
2025-04-08,103,SKU-003
2025-04-09,127,SKU-003
2025-04-10,115,SKU-003
2025-04-11,107,SKU-003
2025-04-12,98,SKU-003
2025-04-13,113,SKU-003
2025-04-14,113,SKU-003
2025-04-15,108,SKU-003
2025-04-16,108,SKU-003
2025-04-17,119,SKU-003
2025-04-18,115,SKU-003
2025-04-19,120,SKU-003
2025-04-20,112,SKU-003
2025-04-21,114,SKU-003
2025-04-22,117,SKU-003
2025-04-23,124,SKU-003
2025-04-24,120,SKU-003
2025-04-25,123,SKU-003
2025-04-26,126,SKU-003
2025-04-27,126,SKU-003
2025-04-28,134,SKU-003
2025-04-29,101,SKU-003
2025-04-30,88,SKU-003
2025-05-01,101,SKU-003
2025-05-02,99,SKU-003
2025-05-03,100,SKU-003
2025-05-04,102,SKU-003
2025-05-05,100,SKU-003
2025-05-06,121,SKU-003
2025-05-07,134,SKU-003
2025-05-08,113,SKU-003
2025-05-09,110,SKU-003
2025-05-10,122,SKU-003
2025-05-11,100,SKU-003
2025-05-12,113,SKU-003
2025-05-13,105,SKU-003
2025-05-14,99,SKU-003
2025-05-15,107,SKU-003
2025-05-16,111,SKU-003
2025-05-17,103,SKU-003
2025-05-18,115,SKU-003
2025-05-19,117,SKU-003
2025-05-20,125,SKU-003
2025-05-21,104,SKU-003
2025-05-22,94,SKU-003
2025-05-23,104,SKU-003
2025-05-24,98,SKU-003
2025-05-25,122,SKU-003
2025-05-26,106,SKU-003
2025-05-27,100,SKU-003
2025-05-28,103,SKU-003
2025-05-29,89,SKU-003
2025-05-30,94,SKU-003
2025-05-31,111,SKU-003
2025-06-01,92,SKU-003
2025-06-02,100,SKU-003
2025-06-03,111,SKU-003
2025-06-04,107,SKU-003
2025-06-05,117,SKU-003
2025-06-06,98,SKU-003
2025-06-07,99,SKU-003
2025-06-08,95,SKU-003
2025-06-09,95,SKU-003
2025-06-10,90,SKU-003
2025-06-11,86,SKU-003
2025-06-12,95,SKU-003
2025-06-13,111,SKU-003
2025-06-14,96,SKU-003
2025-06-15,92,SKU-003
2025-06-16,86,SKU-003
2025-06-17,76,SKU-003
2025-06-18,97,SKU-003
2025-06-19,97,SKU-003
2025-06-20,85,SKU-003
2025-06-21,76,SKU-003
2025-06-22,87,SKU-003
2025-06-23,88,SKU-003
2025-06-24,79,SKU-003
2025-06-25,83,SKU-003
2025-06-26,86,SKU-003
2025-06-27,89,SKU-003
2025-06-28,60,SKU-003
2025-06-29,97,SKU-003
2025-06-30,101,SKU-003
2025-07-01,86,SKU-003
2025-07-02,90,SKU-003
2025-07-03,87,SKU-003
2025-07-04,97,SKU-003
2025-07-05,91,SKU-003
2025-07-06,74,SKU-003
2025-07-07,90,SKU-003
2025-07-08,74,SKU-003
2025-07-09,69,SKU-003
2025-07-10,79,SKU-003
2025-07-11,80,SKU-003
2025-07-12,88,SKU-003
2025-07-13,79,SKU-003
2025-07-14,93,SKU-003
2025-07-15,95,SKU-003
2025-07-16,100,SKU-003
2025-07-17,80,SKU-003
2025-07-18,57,SKU-003
2025-07-19,78,SKU-003
2025-07-20,71,SKU-003
2025-07-21,75,SKU-003
2025-07-22,85,SKU-003
2025-07-23,65,SKU-003
2025-07-24,73,SKU-003
2025-07-25,66,SKU-003
2025-07-26,73,SKU-003
2025-07-27,53,SKU-003
2025-07-28,58,SKU-003
2025-07-29,77,SKU-003
2025-07-30,78,SKU-003
2025-07-31,72,SKU-003
2025-08-01,71,SKU-003
2025-08-02,74,SKU-003
2025-08-03,63,SKU-003
2025-08-04,88,SKU-003
2025-08-05,74,SKU-003
2025-08-06,88,SKU-003
2025-08-07,84,SKU-003
2025-08-08,91,SKU-003
2025-08-09,63,SKU-003
2025-08-10,87,SKU-003
2025-08-11,65,SKU-003
2025-08-12,38,SKU-003
2025-08-13,70,SKU-003
2025-08-14,53,SKU-003
2025-08-15,56,SKU-003
2025-08-16,49,SKU-003
2025-08-17,57,SKU-003
2025-08-18,58,SKU-003
2025-08-19,51,SKU-003
2025-08-20,74,SKU-003
2025-08-21,55,SKU-003
2025-08-22,40,SKU-003
2025-08-23,59,SKU-003
2025-08-24,60,SKU-003
2025-08-25,56,SKU-003
2025-08-26,54,SKU-003
2025-08-27,64,SKU-003
2025-08-28,69,SKU-003
2025-08-29,52,SKU-003
2025-08-30,52,SKU-003
2025-08-31,47,SKU-003
2025-09-01,47,SKU-003
2025-09-02,49,SKU-003
2025-09-03,50,SKU-003
2025-09-04,59,SKU-003
2025-09-05,71,SKU-003
2025-09-06,62,SKU-003
2025-09-07,38,SKU-003
2025-09-08,53,SKU-003
2025-09-09,49,SKU-003
2025-09-10,65,SKU-003
2025-09-11,54,SKU-003
2025-09-12,74,SKU-003
2025-09-13,59,SKU-003
2025-09-14,61,SKU-003
2025-09-15,63,SKU-003
2025-09-16,50,SKU-003
2025-09-17,62,SKU-003
2025-09-18,57,SKU-003
2025-09-19,73,SKU-003
2025-09-20,62,SKU-003
2025-09-21,53,SKU-003
2025-09-22,64,SKU-003
2025-09-23,73,SKU-003
2025-09-24,75,SKU-003
2025-09-25,45,SKU-003
2025-09-26,52,SKU-003
2025-09-27,61,SKU-003
2025-09-28,61,SKU-003
2025-09-29,39,SKU-003
2025-09-30,54,SKU-003
2025-10-01,67,SKU-003
2025-10-02,63,SKU-003
2025-10-03,46,SKU-003
2025-10-04,57,SKU-003
2025-10-05,61,SKU-003
2025-10-06,61,SKU-003
2025-10-07,59,SKU-003
2025-10-08,45,SKU-003
2025-10-09,54,SKU-003
2025-10-10,59,SKU-003
2025-10-11,60,SKU-003
2025-10-12,79,SKU-003
2025-10-13,38,SKU-003
2025-10-14,66,SKU-003
2025-10-15,65,SKU-003
2025-10-16,56,SKU-003
2025-10-17,52,SKU-003
2025-10-18,49,SKU-003
2025-10-19,64,SKU-003
2025-10-20,58,SKU-003
2025-10-21,52,SKU-003
2025-10-22,67,SKU-003
2025-10-23,58,SKU-003
2025-10-24,40,SKU-003
2025-10-25,49,SKU-003
2025-10-26,54,SKU-003
2025-10-27,69,SKU-003
2025-10-28,64,SKU-003
2025-10-29,59,SKU-003
2025-10-30,80,SKU-003
2025-10-31,74,SKU-003
2025-11-01,60,SKU-003
2025-11-02,47,SKU-003
2025-11-03,87,SKU-003
2025-11-04,46,SKU-003
2025-11-05,82,SKU-003
2025-11-06,60,SKU-003
2025-11-07,71,SKU-003
2025-11-08,62,SKU-003
2025-11-09,69,SKU-003
2025-11-10,66,SKU-003
2025-11-11,76,SKU-003
2025-11-12,68,SKU-003
2025-11-13,62,SKU-003
2025-11-14,67,SKU-003
2025-11-15,81,SKU-003
2025-11-16,62,SKU-003
2025-11-17,66,SKU-003
2025-11-18,77,SKU-003
2025-11-19,74,SKU-003
2025-11-20,62,SKU-003
2025-11-21,59,SKU-003
2025-11-22,61,SKU-003
2025-11-23,56,SKU-003
2025-11-24,77,SKU-003
2025-11-25,59,SKU-003
2025-11-26,97,SKU-003
2025-11-27,62,SKU-003
2025-11-28,58,SKU-003
2025-11-29,65,SKU-003
2025-11-30,81,SKU-003
2025-12-01,66,SKU-003
2025-12-02,73,SKU-003
2025-12-03,77,SKU-003
2025-12-04,73,SKU-003
2025-12-05,75,SKU-003
2025-12-06,74,SKU-003
2025-12-07,82,SKU-003
2025-12-08,66,SKU-003
2025-12-09,70,SKU-003
2025-12-10,79,SKU-003
2025-12-11,77,SKU-003
2025-12-12,82,SKU-003
2025-12-13,80,SKU-003
2025-12-14,78,SKU-003
2025-12-15,90,SKU-003
2025-12-16,86,SKU-003
2025-12-17,101,SKU-003
2025-12-18,89,SKU-003
2025-12-19,89,SKU-003
2025-12-20,92,SKU-003
2025-12-21,77,SKU-003
2025-12-22,83,SKU-003
2025-12-23,86,SKU-003
2025-12-24,103,SKU-003
2025-12-25,85,SKU-003
2025-12-26,98,SKU-003
2025-12-27,97,SKU-003
2025-12-28,91,SKU-003
2025-12-29,97,SKU-003
2025-12-30,100,SKU-003
2025-12-31,91,SKU-003
2026-01-01,74,SKU-003
2026-01-02,111,SKU-003
2026-01-03,113,SKU-003
2026-01-04,104,SKU-003
2026-01-05,100,SKU-003
2026-01-06,107,SKU-003
2026-01-07,116,SKU-003
2026-01-08,90,SKU-003
2026-01-09,98,SKU-003
2026-01-10,106,SKU-003
2026-01-11,98,SKU-003
2026-01-12,108,SKU-003
2026-01-13,117,SKU-003
2026-01-14,92,SKU-003
2026-01-15,107,SKU-003
2026-01-16,98,SKU-003
2026-01-17,115,SKU-003
2026-01-18,102,SKU-003
2026-01-19,101,SKU-003
2026-01-20,106,SKU-003
2026-01-21,114,SKU-003
2026-01-22,76,SKU-003
2026-01-23,106,SKU-003
2026-01-24,117,SKU-003
2026-01-25,111,SKU-003
2026-01-26,109,SKU-003
2026-01-27,110,SKU-003
2026-01-28,120,SKU-003
2026-01-29,111,SKU-003
2026-01-30,117,SKU-003
2026-01-31,108,SKU-003
2026-02-01,113,SKU-003
2026-02-02,132,SKU-003
2026-02-03,121,SKU-003
2026-02-04,115,SKU-003
2026-02-05,121,SKU-003
2026-02-06,136,SKU-003
2026-02-07,124,SKU-003
2026-02-08,112,SKU-003
2026-02-09,139,SKU-003
2026-02-10,119,SKU-003
2026-02-11,136,SKU-003
2026-02-12,129,SKU-003
2026-02-13,120,SKU-003
2026-02-14,132,SKU-003
2026-02-15,111,SKU-003
2026-02-16,129,SKU-003
2026-02-17,123,SKU-003
2026-02-18,128,SKU-003
2026-02-19,133,SKU-003
2026-02-20,123,SKU-003
2026-02-21,114,SKU-003
2026-02-22,126,SKU-003
2026-02-23,121,SKU-003
2026-02-24,122,SKU-003
2026-02-25,135,SKU-003
2026-02-26,125,SKU-003
2026-02-27,128,SKU-003
2026-02-28,141,SKU-003
2026-03-01,131,SKU-003
2026-03-02,129,SKU-003
2026-03-03,121,SKU-003
2026-03-04,125,SKU-003
2026-03-05,128,SKU-003
2026-03-06,126,SKU-003
2026-03-07,138,SKU-003
2026-03-08,149,SKU-003
2026-03-09,138,SKU-003
2026-03-10,146,SKU-003
2026-03-11,121,SKU-003
2026-03-12,128,SKU-003
2026-03-13,130,SKU-003
2026-03-14,112,SKU-003
2026-03-15,118,SKU-003
2026-03-16,127,SKU-003
2026-03-17,128,SKU-003
2026-03-18,120,SKU-003
2026-03-19,133,SKU-003
2026-03-20,151,SKU-003
2026-03-21,138,SKU-003
2026-03-22,130,SKU-003
2026-03-23,128,SKU-003
2026-03-24,141,SKU-003
2026-03-25,146,SKU-003
2026-03-26,126,SKU-003
2026-03-27,120,SKU-003
2026-03-28,121,SKU-003
2026-03-29,152,SKU-003
2026-03-30,143,SKU-003
2026-03-31,135,SKU-003
2026-04-01,131,SKU-003
2026-04-02,129,SKU-003
2026-04-03,161,SKU-003
